SAP Analyst;Experis;SAP Analist Analyst;Waregem;https://www.ictjob.be/nl/vacature/experis-sap-analyst/2-166911
Solution IT Architect;Experis;Solution Architect IT;Brussel;https://www.ictjob.be/nl/vacature/experis-solution-architect/2-166914
IT Support Helpdesk;Econocom;Support Helpdesk IT Windows AD;Antwerpen, Limburg, Brussel, Gent, Charleroi;https://www.ictjob.be/nl/vacature/econocom-support-helpdesk/2-166897
Developer;Ago IT;Mobile Development;Lokeren;https://www.ictjob.be/nl/vacature/developer/1-167817
Project Manager;Ago IT;BLE, vision technology;Oost-Vlaanderen;https://www.ictjob.be/nl/vacature/project-manager/1-167816
SAP Analyst;Experis;SAP Analist Analyst;Waregem;https://www.ictjob.be/nl/vacature/experis-sap-analyst/2-166911
Solution IT Architect;Experis;Solution Architect IT;Brussel;https://www.ictjob.be/nl/vacature/experis-solution-architect/2-166914
IT Support Helpdesk;Econocom;Support Helpdesk IT Windows AD;Antwerpen, Limburg, Brussel, Gent, Charleroi;https://www.ictjob.be/nl/vacature/econocom-support-helpdesk/2-166897
Developer;Ago IT;Mobile Development;Lokeren;https://www.ictjob.be/nl/vacature/developer/1-167817
Project Manager;Ago IT;BLE, vision technology;Oost-Vlaanderen;https://www.ictjob.be/nl/vacature/project-manager/1-167816
SAP Analyst;Experis;SAP Analist Analyst;Waregem;https://www.ictjob.be/nl/vacature/experis-sap-analyst/2-166911
Solution IT Architect;Experis;Solution Architect IT;Brussel;https://www.ictjob.be/nl/vacature/experis-solution-architect/2-166914
IT Support Helpdesk;Econocom;Support Helpdesk IT Windows AD;Antwerpen, Limburg, Brussel, Gent, Charleroi;https://www.ictjob.be/nl/vacature/econocom-support-helpdesk/2-166897
Developer;Ago IT;Mobile Development;Lokeren;https://www.ictjob.be/nl/vacature/developer/1-167817
Project Manager;Ago IT;BLE, vision technology;Oost-Vlaanderen;https://www.ictjob.be/nl/vacature/project-manager/1-167816
