Vicious rescue dog attacks dogs and people! #shorts;1,3K weergaven;1 uur geleden;Dabl;https://www.youtube.com/shorts/E5P9k78htqQ
HURRICANE DOGS - Cute & Funny Wiener Dogs Prepare for a Storm!;5,4K weergaven;2 uur geleden;Crusoe the Dachshund;https://www.youtube.com/watch?v=FQLrRK6Voog
Comedian Gabriel Iglesias hosts $100,000 Quincea√±era for his dog;387 weergaven;2 uur geleden;CBS Los Angeles;https://www.youtube.com/watch?v=Bn2zGThrw4M
Sometimes my dog forgets how to be a dog;5,4K weergaven;2 uur geleden;Dog Area;https://www.youtube.com/watch?v=twka7NO0F4A
How to de-skunk your dog | Golden Retriever & a puppy;43K weergaven;2 uur geleden;Girl With The Dogs;https://www.youtube.com/watch?v=s6YeN7W9J3Y
Vicious rescue dog attacks dogs and people! #shorts;850K weergaven;1 uur geleden;Dabl;
OFF Leash Dog Recall Training - Cane Corso Recall;31 mln. weergaven;1 uur geleden;Jason Corey;
How to de-skunk your dog | Golden Retriever & a puppy;117K weergaven;2 uur geleden;Girl With The Dogs;
EXPLORING "DOG TROT" LOG CABIN FARM HOUSE IN GREAT SMOKY MOUNTAINS! PALMER PLACE | CATALOOCHEE;11 mln. weergaven;4 uur geleden;Sidestep Adventures;
Drowning Dog Saved With Hydrofoil | The Dodo Soulmates;1,3K weergaven;4 uur geleden;The Dodo;https://www.youtube.com/shorts/E5P9k78htqQ
Bathing My WESTIE Dog With Skin Allergies üí¶ Favorite Shampoos | TIPS;105 weergaven;1 uur geleden;Westie Vibes;https://www.youtube.com/watch?v=mJUjgp0IfYs
Vicious rescue dog attacks dogs and people! #shorts;1,3K weergaven;1 uur geleden;Dabl;https://www.youtube.com/shorts/E5P9k78htqQ
OFF Leash Dog Recall Training - Cane Corso Recall;734 weergaven;1 uur geleden;Jason Corey;https://www.youtube.com/watch?v=t_zS3YILWrI
How to de-skunk your dog | Golden Retriever & a puppy;44K weergaven;2 uur geleden;Girl With The Dogs;https://www.youtube.com/watch?v=s6YeN7W9J3Y
A Christmas Mission in Toyland! | Puppy Dog Pals | @disneyjunior;3,5K weergaven;4 uur geleden;Disney Junior;https://www.youtube.com/watch?v=M6Fn6KNPs2g
Bathing My WESTIE Dog With Skin Allergies üí¶ Favorite Shampoos | TIPS;107 weergaven;1 uur geleden;Westie Vibes;https://www.youtube.com/watch?v=mJUjgp0IfYs
Vicious rescue dog attacks dogs and people! #shorts;851K weergaven;2 uur geleden;Dabl;
HURRICANE DOGS - Cute & Funny Wiener Dogs Prepare for a Storm!;6,2 mln. weergaven;2 uur geleden;Crusoe the Dachshund;
They Rescued a Trapped Dog, but 30 Minutes Later They Realized It Was Not What They Expected..;31 mln. weergaven;3 uur geleden;Incredible Stories;
How to de-skunk your dog | Golden Retriever & a puppy;5,6 mln. weergaven;2 uur geleden;Girl With The Dogs;
CAT (Netflix) - Season 1 Review;4,9K weergaven;3 uur geleden;Pratik's Film Theories;https://www.youtube.com/watch?v=-X605rdSTNo
üî¥ PamPam Live Clap | Dogs Bones | Cat Finger Family LIVE | PamPam Family Nursery Rhymes & Kids Songs;89 kijker(s);6 uur geleden;PamPam Ailesi;https://www.youtube.com/watch?v=SxFZOLnAAeQ
Crazy Cat Beat compilation set #vestiazeta;238K weergaven;7 uur geleden;„Éë„É≠„Å£„Å¶„Çã@Parotter;https://www.youtube.com/shorts/VdYaMZVc-6c
Funny Cat Videos üòªü§£ | Funny Animal Videos | Cute And Funny Cat Videos # 37 | Cutest Animals;208 weergaven;8 uur geleden;Cutest Animals;https://www.youtube.com/watch?v=WZgtqpjuTrI
Kitten Annoys Cat;3,7K weergaven;8 uur geleden;Tom and Mimi;https://www.youtube.com/watch?v=HBvLUs71734
An√°lisis 'Tarde de Perros' ('Dog Day Afternoon') | TARDE DE PERROS S01_E13;1,2K weergaven;1 uur geleden;SensaCine;https://www.youtube.com/watch?v=KoYv0FKQIXs
Vicious rescue dog attacks dogs and people! #shorts;2K weergaven;3 uur geleden;Dabl;https://www.youtube.com/shorts/E5P9k78htqQ
OFF Leash Dog Recall Training - Cane Corso Recall;1K weergaven;3 uur geleden;Jason Corey;https://www.youtube.com/watch?v=t_zS3YILWrI
HURRICANE DOGS - Cute & Funny Wiener Dogs Prepare for a Storm!;9,4K weergaven;4 uur geleden;Crusoe the Dachshund;https://www.youtube.com/watch?v=FQLrRK6Voog
Sometimes my dog forgets how to be a dog;7,9K weergaven;4 uur geleden;Dog Area;https://www.youtube.com/watch?v=twka7NO0F4A
Vicious rescue dog attacks dogs and people! #shorts;884K weergaven;3 uur geleden;Dabl;
OFF Leash Dog Recall Training - Cane Corso Recall;6,2 mln. weergaven;3 uur geleden;Jason Corey;
HURRICANE DOGS - Cute & Funny Wiener Dogs Prepare for a Storm!;31 mln. weergaven;4 uur geleden;Crusoe the Dachshund;
How to de-skunk your dog | Golden Retriever & a puppy;11 mln. weergaven;4 uur geleden;Girl With The Dogs;
Best Talking Dog Videos of 2022!;2K weergaven;5 uur geleden;Hammy and Olivia;https://www.youtube.com/shorts/E5P9k78htqQ
